{
  "logistic_regression": {
    "accuracy": 0.8996546431312357,
    "precision": 0.5071633237822349,
    "recall": 0.9869888475836431,
    "f1": 0.670031545741325,
    "roc_auc": 0.9101097902976681
  },
  "random_forest": {
    "accuracy": 0.999712202609363,
    "precision": 0.9981429897864438,
    "recall": 0.9990706319702602,
    "f1": 0.9986065954482118,
    "roc_auc": 0.9999994034865022
  }
}